Rooms,Area,Floor_Number,Total_Floors,Construction_Year,Is_First_Floor,Is_Last_Floor,Has_Garage,Is_Closed_Complex,District_Encoded,Construction_Type_Encoded,ext_has_gas,ext_has_tep,ext_is_luxury,ext_is_act16,Price
1,35,4,11,1980,0,0,1,0,32,1,0.0,0.0,0.0,0.0,128000
1,26,1,3,2027,1,0,1,1,56,5,0.0,0.0,0.0,0.0,73900
1,42,1,4,2028,1,0,1,0,56,5,0.0,0.0,0.0,0.0,89000
1,48,5,5,2017,0,1,1,0,0,5,0.0,0.0,0.0,0.0,114999
1,47,3,4,2026,0,0,1,1,7,5,0.0,0.0,1.0,0.0,98200
1,50,5,10,2026,0,0,1,0,0,5,1.0,0.0,0.0,0.0,101000
1,55,3,9,2025,0,0,1,0,56,5,1.0,0.0,0.0,1.0,111667
1,43,5,8,2023,0,0,1,0,56,5,0.0,1.0,1.0,1.0,137000
1,43,4,4,2028,0,1,1,0,56,5,0.0,0.0,0.0,0.0,91107
1,40,3,6,2025,0,0,1,0,57,5,1.0,0.0,1.0,0.0,148000
1,50,6,6,2005,0,1,1,0,3,5,0.0,0.0,0.0,0.0,163000
4,177,5,5,2025,0,1,1,0,57,5,0.0,0.0,1.0,0.0,715000
1,36,3,4,2028,0,0,1,1,56,5,1.0,0.0,0.0,1.0,95000
3,99,4,8,2026,0,0,1,1,56,5,0.0,0.0,1.0,0.0,188100
1,44,5,7,1970,0,0,1,0,51,4,0.0,1.0,0.0,0.0,125000
2,61,5,8,1980,0,0,1,0,46,5,0.0,0.0,0.0,1.0,119900
1,25,2,4,2026,0,0,1,1,56,5,0.0,0.0,1.0,0.0,73900
1,36,3,6,2027,0,0,1,0,21,5,0.0,0.0,0.0,0.0,82000
1,46,3,8,2026,0,0,1,0,56,5,0.0,0.0,0.0,1.0,121000
1,40,2,4,2027,0,0,1,1,14,5,0.0,0.0,0.0,0.0,77381
1,50,2,6,2010,0,0,1,0,44,5,1.0,0.0,1.0,0.0,234900
1,40,1,6,2025,1,0,1,0,56,5,1.0,0.0,0.0,0.0,115000
1,50,5,7,2025,0,0,1,0,47,5,0.0,0.0,0.0,0.0,88551
1,50,4,4,2027,0,1,1,1,56,5,1.0,0.0,1.0,0.0,104000
1,32,2,4,2027,0,0,1,0,56,5,0.0,0.0,0.0,0.0,73000
1,69,3,7,2029,0,0,1,0,43,5,0.0,0.0,0.0,0.0,151400
1,49,7,7,2027,0,1,1,0,43,5,1.0,0.0,1.0,1.0,90000
1,51,4,6,2026,0,0,1,0,22,5,1.0,0.0,0.0,1.0,131000
1,54,3,6,2027,0,0,1,0,42,5,0.0,0.0,0.0,0.0,105300
1,54,4,6,2027,0,0,1,0,42,5,0.0,0.0,0.0,0.0,91800
5,165,0,0,2025,1,1,1,1,70,5,0.0,0.0,0.0,1.0,287500
1,16,1,1,1997,1,1,1,0,44,5,1.0,0.0,0.0,0.0,60000
1,46,2,4,2026,0,0,1,0,102,5,0.0,0.0,0.0,1.0,129000
1,36,1,6,2020,1,0,1,1,7,5,1.0,0.0,0.0,0.0,115000
5,350,0,0,2025,1,1,1,0,105,2,0.0,0.0,0.0,0.0,94500
1,45,7,8,2025,0,0,1,0,21,4,1.0,1.0,0.0,0.0,124490
1,46,3,9,2026,0,0,1,0,7,5,1.0,0.0,0.0,1.0,115000
1,47,6,9,2026,0,0,1,0,7,5,1.0,0.0,0.0,1.0,110450
1,46,3,6,2026,0,0,1,0,56,5,1.0,0.0,0.0,0.0,121000
1,47,3,4,2027,0,0,1,0,88,5,0.0,0.0,1.0,0.0,98200
1,46,7,8,2025,0,0,1,0,66,4,0.0,0.0,0.0,0.0,105500
1,60,0,0,2014,1,1,1,0,88,5,0.0,0.0,0.0,0.0,159999
1,44,0,0,2026,1,1,1,0,89,5,0.0,0.0,0.0,0.0,98538
1,50,2,6,2012,0,0,1,0,72,5,1.0,0.0,0.0,0.0,196000
1,40,10,14,2018,0,0,1,0,88,5,1.0,0.0,0.0,0.0,115000
1,43,6,6,2027,0,1,1,0,88,5,0.0,0.0,0.0,0.0,122518
1,39,9,16,2018,0,0,1,0,88,5,1.0,0.0,0.0,0.0,114000
1,47,3,6,2021,0,0,1,0,95,5,0.0,0.0,0.0,1.0,159000
1,46,2,4,2026,0,0,1,1,83,5,0.0,0.0,0.0,1.0,129000
1,48,1,6,2015,1,0,1,0,88,5,1.0,0.0,0.0,0.0,126500
1,41,6,13,2018,0,0,1,0,88,5,0.0,0.0,0.0,0.0,130000
1,32,2,5,2015,0,0,1,0,88,5,1.0,0.0,0.0,1.0,119999
1,48,5,5,2017,0,1,1,0,95,5,0.0,0.0,0.0,0.0,114999
1,62,8,8,2025,0,1,1,0,74,5,0.0,0.0,0.0,1.0,135000
1,85,6,6,2026,0,1,1,1,83,5,0.0,0.0,0.0,1.0,136000
1,42,0,0,2010,1,1,1,0,88,5,0.0,0.0,0.0,0.0,114999
2,42,11,16,1980,0,0,1,0,0,1,0.0,0.0,0.0,0.0,125000
1,50,5,10,2026,0,0,1,0,95,5,1.0,0.0,0.0,0.0,101000
1,50,2,6,2012,0,0,1,0,95,5,1.0,0.0,0.0,0.0,196000
1,44,2,8,2009,0,0,1,0,63,5,0.0,1.0,0.0,0.0,131000
1,44,3,8,2025,0,0,1,0,81,4,1.0,0.0,0.0,0.0,110000
1,39,1,8,2015,1,0,1,0,88,5,0.0,0.0,0.0,0.0,109999
1,32,3,4,2026,0,0,1,0,74,5,0.0,0.0,0.0,0.0,79500
1,52,1,6,2027,1,0,1,1,72,5,0.0,0.0,1.0,0.0,154920
1,43,5,8,2023,0,0,1,0,88,5,0.0,1.0,1.0,1.0,137000
1,62,1,4,2026,1,0,1,1,83,5,0.0,0.0,0.0,0.0,167400
1,56,3,23,2028,0,0,1,1,82,5,1.0,0.0,0.0,1.0,88040
1,49,1,6,2027,1,0,1,0,86,5,0.0,1.0,0.0,0.0,115000
1,49,1,7,2027,1,0,1,0,86,5,0.0,1.0,0.0,0.0,115500
1,37,10,15,2018,0,0,1,0,88,5,1.0,0.0,0.0,0.0,114000
1,39,9,16,2018,0,0,1,0,88,5,0.0,0.0,1.0,0.0,114000
2,64,6,16,2026,0,0,1,0,0,5,1.0,1.0,0.0,1.0,130000
1,67,10,11,2026,0,0,1,0,75,5,0.0,0.0,0.0,1.0,155000
1,70,4,6,2016,0,0,1,0,73,5,1.0,1.0,0.0,0.0,174000
1,44,3,8,2025,0,0,1,0,81,4,1.0,1.0,0.0,0.0,109998
1,45,6,17,2017,0,0,1,0,88,5,0.0,0.0,0.0,0.0,119999
1,50,4,6,2025,0,0,1,0,88,5,1.0,0.0,0.0,1.0,128000
1,42,17,17,2019,0,1,1,0,88,5,0.0,0.0,0.0,0.0,117500
1,42,2,12,1980,0,0,1,0,65,1,0.0,0.0,0.0,0.0,152000
2,111,5,6,2026,0,0,1,0,0,5,0.0,0.0,1.0,0.0,169000
2,73,9,12,2026,0,0,1,1,6,5,1.0,0.0,1.0,0.0,174990
2,65,6,8,2025,0,0,1,0,3,4,0.0,0.0,0.0,0.0,179999
2,64,5,6,2025,0,0,1,0,0,5,1.0,0.0,1.0,0.0,153600
2,67,4,5,2014,0,0,1,0,0,5,0.0,0.0,0.0,0.0,214999
2,65,1,8,2025,1,0,1,0,3,4,1.0,0.0,0.0,0.0,165000
2,53,2,5,1998,0,0,1,0,2,4,0.0,0.0,0.0,0.0,115000
2,98,4,6,2025,0,0,1,1,5,5,0.0,0.0,1.0,0.0,300000
2,95,1,4,2025,1,0,1,0,5,5,1.0,0.0,0.0,1.0,190000
2,76,1,5,2025,1,0,1,1,5,5,1.0,0.0,0.0,1.0,280000
2,85,3,3,2026,0,1,1,0,5,5,0.0,0.0,1.0,1.0,224731
2,80,6,6,2012,0,1,1,0,5,5,1.0,0.0,0.0,0.0,192500
2,73,5,6,2002,0,0,1,0,6,5,1.0,0.0,0.0,0.0,215000
2,71,13,18,2025,0,0,1,1,0,5,1.0,1.0,1.0,0.0,175000
2,65,1,8,1970,1,0,1,0,3,4,0.0,0.0,0.0,0.0,165000
2,64,3,18,2025,0,0,1,1,0,5,1.0,1.0,1.0,0.0,163000
2,62,13,18,2027,0,0,1,1,0,5,0.0,0.0,1.0,0.0,139990
2,71,0,0,1980,1,1,1,0,1,1,1.0,0.0,0.0,0.0,238000
2,91,2,5,2025,0,0,1,1,5,5,1.0,0.0,0.0,0.0,353000
2,84,2,4,2025,0,0,1,0,5,5,1.0,0.0,0.0,1.0,184800
2,61,3,16,2025,0,0,1,0,0,5,0.0,0.0,1.0,1.0,135000
2,65,2,6,2025,0,0,1,0,3,1,1.0,1.0,1.0,0.0,230000
2,91,1,5,2025,1,0,1,1,5,5,1.0,0.0,1.0,0.0,353000
2,57,2,3,2001,0,0,1,0,5,5,0.0,0.0,0.0,0.0,179000
2,92,5,5,2024,0,1,1,0,5,5,1.0,0.0,1.0,1.0,301999
2,72,3,18,2025,0,0,1,1,0,5,0.0,0.0,1.0,1.0,172000
2,72,6,17,2025,0,0,1,0,0,5,0.0,0.0,1.0,0.0,162000
2,78,1,3,2025,1,0,1,0,99,5,0.0,0.0,0.0,0.0,201908
2,60,1,10,1970,1,0,1,0,0,5,1.0,1.0,0.0,0.0,185000
2,42,5,5,2025,0,1,1,1,7,5,1.0,0.0,0.0,0.0,79950
2,32,4,5,2013,0,0,1,0,5,5,0.0,0.0,0.0,1.0,115999
2,72,4,17,2025,0,0,1,1,0,5,0.0,0.0,1.0,1.0,172000
2,69,4,4,2002,0,1,1,0,5,5,0.0,0.0,1.0,0.0,219990
2,69,3,4,2027,0,0,1,0,5,5,1.0,0.0,0.0,0.0,168739
2,61,3,8,2023,0,0,1,0,0,5,0.0,0.0,0.0,1.0,199900
2,56,6,8,2000,0,0,1,0,1,5,0.0,1.0,0.0,0.0,179000
2,63,3,6,2006,0,0,1,0,3,5,1.0,0.0,0.0,0.0,226900
2,73,16,18,2028,0,0,1,0,0,5,0.0,0.0,0.0,1.0,164000
2,78,3,3,2026,0,1,1,0,98,5,0.0,0.0,0.0,0.0,198000
2,76,3,4,2025,0,0,1,1,5,5,1.0,1.0,0.0,1.0,206118
2,76,3,4,2028,0,0,1,0,7,5,0.0,0.0,0.0,0.0,197713
2,78,4,4,2026,0,1,1,0,7,5,0.0,0.0,0.0,0.0,179500
2,57,3,4,2025,0,0,1,0,7,5,0.0,0.0,0.0,0.0,189999
2,72,8,9,2026,0,0,1,0,7,5,1.0,0.0,0.0,1.0,169693
2,154,4,4,2025,0,1,1,0,7,5,0.0,0.0,0.0,1.0,257700
2,71,6,9,2027,0,0,1,1,11,5,1.0,0.0,0.0,0.0,157200
2,48,4,4,2026,0,1,1,1,7,5,0.0,0.0,0.0,0.0,93600
2,71,3,6,2027,0,0,1,0,7,5,1.0,1.0,1.0,1.0,160583
2,90,2,5,2014,0,0,1,1,8,5,1.0,0.0,1.0,1.0,270000
2,67,4,5,2025,0,0,1,1,7,5,0.0,0.0,0.0,1.0,179000
2,71,3,6,2027,0,0,1,0,7,5,1.0,1.0,1.0,1.0,160583
2,68,2,5,2026,0,0,1,0,7,5,0.0,0.0,0.0,0.0,127800
2,67,2,4,2026,0,0,1,1,9,5,1.0,0.0,1.0,0.0,132000
2,71,8,9,2027,0,0,1,1,11,5,1.0,0.0,0.0,0.0,144200
2,71,3,5,2025,0,0,1,0,7,5,1.0,0.0,0.0,0.0,205000
2,65,3,4,2026,0,0,1,0,7,5,1.0,0.0,1.0,1.0,185700
2,90,2,5,2014,0,0,1,1,8,5,1.0,0.0,1.0,1.0,270000
2,76,2,8,2027,0,0,1,0,7,5,0.0,0.0,0.0,0.0,227000
2,94,5,6,2025,0,0,1,0,7,5,1.0,1.0,1.0,1.0,148000
2,73,6,6,2024,0,1,1,0,11,5,1.0,1.0,0.0,0.0,177000
2,87,3,7,2024,0,0,1,0,7,5,0.0,0.0,0.0,0.0,325000
2,67,3,8,2021,0,0,1,1,7,5,0.0,0.0,1.0,0.0,228134
2,53,4,5,2026,0,0,1,0,7,5,0.0,0.0,1.0,0.0,169000
2,76,2,8,2027,0,0,1,0,7,5,0.0,0.0,0.0,0.0,227000
2,69,2,4,2025,0,0,1,0,7,5,1.0,0.0,0.0,1.0,137200
2,79,5,5,2026,0,1,1,0,7,5,0.0,0.0,0.0,1.0,170000
2,79,3,4,2025,0,0,1,0,7,5,0.0,0.0,0.0,1.0,216299
2,61,1,5,2025,1,0,1,0,7,5,0.0,0.0,0.0,1.0,144200
2,69,4,5,2025,0,0,1,0,7,5,1.0,1.0,1.0,1.0,163000
2,70,2,7,2026,0,0,1,0,7,5,1.0,0.0,1.0,0.0,190000
2,69,3,6,2026,0,0,1,0,7,5,0.0,0.0,0.0,1.0,185000
2,58,0,0,2025,1,1,1,0,7,5,0.0,0.0,1.0,1.0,155000
2,64,3,4,2025,0,0,1,0,7,5,1.0,0.0,1.0,1.0,249900
2,65,4,9,1980,0,0,1,0,10,4,1.0,0.0,0.0,0.0,162990
2,73,4,7,2026,0,0,1,1,11,5,1.0,0.0,0.0,0.0,159700
2,75,5,8,2027,0,0,1,1,7,5,0.0,0.0,0.0,0.0,236000
2,70,4,4,2025,0,1,1,0,7,5,0.0,0.0,0.0,0.0,135000
2,52,5,5,2025,0,1,1,0,7,5,0.0,0.0,1.0,1.0,135000
2,71,5,6,2024,0,0,1,0,11,5,1.0,1.0,0.0,0.0,189000
2,104,1,6,2026,1,0,1,0,7,5,0.0,0.0,0.0,1.0,175000
2,66,3,5,2026,0,0,1,0,20,5,0.0,1.0,0.0,0.0,148500
2,68,3,5,2008,0,0,1,0,12,5,0.0,0.0,0.0,0.0,214700
2,70,5,6,2027,0,0,1,1,18,5,0.0,0.0,1.0,0.0,269280
2,67,3,5,2003,0,0,1,0,12,5,0.0,0.0,0.0,0.0,220000
2,91,4,4,2026,0,1,1,0,100,5,0.0,0.0,0.0,0.0,180840
2,65,8,14,1980,0,0,1,0,20,1,1.0,1.0,0.0,0.0,170000
2,96,5,15,2027,0,0,1,0,17,5,1.0,1.0,1.0,0.0,307400
2,62,2,4,2027,0,0,1,1,100,5,0.0,0.0,1.0,0.0,125000
2,61,7,8,2025,0,0,1,0,12,5,1.0,0.0,0.0,0.0,229800
2,63,1,4,1960,1,0,1,0,12,5,0.0,1.0,0.0,0.0,198000
2,75,2,4,2026,0,0,1,0,13,5,1.0,0.0,1.0,1.0,160239
2,69,2,4,2027,0,0,1,0,14,5,0.0,0.0,0.0,0.0,135405
2,73,3,5,2025,0,0,1,0,18,5,0.0,1.0,0.0,0.0,530000
2,67,1,4,1960,1,0,1,0,12,5,0.0,0.0,0.0,0.0,287000
2,60,4,4,2023,0,1,1,0,14,5,0.0,0.0,0.0,0.0,167000
2,60,5,6,1960,0,0,1,0,15,4,1.0,0.0,0.0,0.0,185900
2,79,5,5,2026,0,1,1,0,16,5,0.0,0.0,0.0,1.0,170000
2,72,3,6,2023,0,0,1,0,15,5,1.0,0.0,0.0,1.0,280000
2,80,2,6,2027,0,0,1,0,20,5,1.0,1.0,0.0,0.0,162000
2,58,2,5,2015,0,0,1,0,12,5,1.0,0.0,0.0,0.0,197000
2,75,3,6,2014,0,0,1,0,12,5,1.0,0.0,0.0,0.0,265000
2,100,2,4,2024,0,0,1,0,19,5,1.0,0.0,1.0,1.0,253000
2,62,4,6,1970,0,0,1,0,20,4,1.0,1.0,0.0,0.0,144500
2,87,3,7,2024,0,0,1,0,17,5,0.0,0.0,0.0,0.0,325000
2,75,7,8,2025,0,0,1,0,17,5,1.0,0.0,0.0,0.0,242000
2,64,2,4,2027,0,0,1,1,100,5,0.0,0.0,1.0,0.0,125000
2,68,1,5,2020,1,0,1,1,19,5,1.0,0.0,0.0,0.0,258000
2,74,2,4,2026,0,0,1,0,13,5,1.0,0.0,0.0,0.0,160240
2,89,3,5,2025,0,0,1,0,17,5,1.0,1.0,0.0,1.0,265000
2,86,3,5,2026,0,0,1,1,19,5,1.0,0.0,1.0,1.0,229900
2,57,0,0,2025,1,1,1,0,17,4,0.0,1.0,0.0,0.0,169000
2,65,11,11,1970,0,1,1,0,12,5,1.0,1.0,0.0,0.0,255000
2,65,2,4,2026,0,0,1,0,16,5,0.0,0.0,0.0,1.0,123900
2,64,5,6,2025,0,0,1,0,20,4,1.0,1.0,0.0,0.0,164900
2,131,2,2,1990,0,1,1,0,100,5,0.0,0.0,0.0,0.0,157118
2,89,1,5,2025,1,0,1,1,13,5,0.0,0.0,0.0,1.0,267120
2,65,6,8,2025,0,0,1,0,15,4,0.0,0.0,0.0,0.0,179999
2,82,4,6,2020,0,0,1,1,15,5,1.0,0.0,1.0,0.0,355000
2,75,2,6,1980,0,0,1,0,15,4,1.0,1.0,0.0,0.0,226600
2,60,3,4,2027,0,0,1,1,14,5,0.0,0.0,0.0,0.0,117320
2,65,6,8,1980,0,0,1,0,22,4,1.0,1.0,0.0,0.0,189900
2,71,5,9,2025,0,0,1,0,31,5,0.0,0.0,0.0,0.0,249900
2,59,0,0,2026,1,1,1,0,22,5,0.0,0.0,0.0,0.0,130000
2,66,7,7,1990,0,1,1,0,21,4,0.0,0.0,0.0,0.0,145999
2,47,1,4,1960,1,0,1,0,23,5,1.0,1.0,0.0,0.0,115000
2,28,1,5,2025,1,0,1,0,31,4,1.0,0.0,0.0,0.0,135000
2,76,9,10,2018,0,0,1,0,21,5,1.0,1.0,0.0,0.0,263000
2,68,6,6,2025,0,1,1,0,21,5,1.0,0.0,0.0,0.0,135545
2,60,8,9,2025,0,0,1,0,21,4,1.0,0.0,0.0,0.0,155000
2,57,3,6,2027,0,0,1,0,26,5,0.0,0.0,0.0,1.0,115224
2,56,3,4,1970,0,0,1,0,31,5,0.0,0.0,0.0,0.0,198900
2,141,5,5,2024,0,1,1,1,21,5,1.0,0.0,1.0,0.0,250000
2,75,8,8,2026,0,1,1,0,27,5,0.0,0.0,1.0,0.0,200750
2,67,2,5,2015,0,0,1,0,29,5,0.0,1.0,1.0,0.0,369000
2,83,4,5,2021,0,0,1,0,22,5,0.0,0.0,1.0,0.0,288900
2,60,3,6,2011,0,0,1,0,26,5,0.0,0.0,0.0,0.0,198000
2,48,7,9,1980,0,0,1,0,21,4,0.0,1.0,0.0,0.0,159950
2,71,8,14,2027,0,0,1,1,27,5,0.0,0.0,1.0,1.0,163990
2,45,9,9,1980,0,1,1,0,21,4,0.0,0.0,1.0,0.0,139900
2,64,4,4,1970,0,1,1,0,23,5,0.0,0.0,0.0,0.0,158000
2,71,5,15,2026,0,0,1,1,27,5,0.0,0.0,1.0,0.0,165000
2,70,6,6,2026,0,1,1,0,22,5,0.0,0.0,0.0,0.0,157073
2,71,7,9,2028,0,0,1,1,33,5,0.0,0.0,0.0,0.0,165000
2,65,3,8,2015,0,0,1,0,21,5,0.0,0.0,0.0,0.0,199500
2,43,7,7,2009,0,1,1,0,26,5,1.0,0.0,0.0,0.0,125000
2,61,3,6,2016,0,0,1,0,33,5,1.0,0.0,0.0,0.0,183000
2,42,7,8,1970,0,0,1,0,22,4,1.0,0.0,0.0,0.0,129990
2,69,5,10,1980,0,0,1,0,32,5,1.0,1.0,0.0,0.0,160000
2,59,1,6,2026,1,0,1,0,26,5,1.0,0.0,0.0,0.0,117645
2,57,1,5,2026,1,0,1,0,26,5,1.0,0.0,0.0,0.0,115198
2,62,2,5,2025,0,0,1,0,20,5,1.0,0.0,0.0,0.0,199000
2,70,13,15,1980,0,0,1,0,24,1,1.0,1.0,0.0,0.0,148000
2,59,5,8,1970,0,0,1,0,24,5,1.0,0.0,0.0,0.0,119990
2,69,3,10,2025,0,0,1,0,29,5,0.0,1.0,0.0,0.0,289800
2,84,3,6,2027,0,0,1,0,27,5,1.0,1.0,0.0,0.0,220974
2,65,3,8,2027,0,0,1,0,27,5,0.0,0.0,1.0,0.0,195000
2,80,14,14,2028,0,1,1,0,26,5,0.0,0.0,0.0,1.0,195000
2,65,4,15,2025,0,0,1,1,27,5,0.0,1.0,0.0,0.0,170900
2,80,4,7,2025,0,0,1,0,25,5,0.0,0.0,0.0,0.0,185100
2,76,2,14,2027,0,0,1,0,26,5,0.0,1.0,1.0,0.0,133300
2,63,4,5,2026,0,0,1,0,39,5,1.0,0.0,1.0,1.0,200000
2,65,4,8,1970,0,0,1,0,36,5,0.0,0.0,0.0,0.0,170000
2,75,3,6,2026,0,0,1,0,39,5,1.0,0.0,1.0,0.0,174000
2,73,2,5,2027,0,0,1,0,39,5,0.0,0.0,0.0,0.0,181500
2,65,7,8,1980,0,0,1,0,35,4,0.0,1.0,0.0,0.0,129900
2,78,4,11,2025,0,0,1,1,39,5,1.0,0.0,1.0,1.0,261000
2,82,3,5,2027,0,0,1,0,39,5,0.0,0.0,0.0,0.0,210500
2,80,2,3,2026,0,0,1,0,39,5,1.0,0.0,0.0,0.0,192044
2,92,3,7,2028,0,0,1,0,39,5,0.0,0.0,0.0,0.0,257964
2,60,3,6,2027,0,0,1,0,39,5,1.0,0.0,1.0,1.0,154990
2,74,4,4,2020,0,1,1,0,39,5,1.0,0.0,0.0,0.0,294400
2,50,1,5,1980,1,0,1,0,38,4,1.0,0.0,0.0,0.0,148999
2,99,6,7,2025,0,0,1,0,38,5,1.0,0.0,0.0,0.0,253000
2,71,4,4,2024,0,1,1,0,39,5,0.0,0.0,0.0,1.0,212000
2,65,4,6,2027,0,0,1,1,39,5,1.0,0.0,0.0,0.0,189412
2,70,3,5,2025,0,0,1,0,39,5,0.0,0.0,1.0,1.0,299000
2,79,2,5,2026,0,0,1,0,39,5,1.0,0.0,0.0,0.0,197225
2,75,1,6,2028,1,0,1,0,39,5,0.0,0.0,0.0,0.0,195000
2,66,2,5,2025,0,0,1,0,39,5,0.0,0.0,1.0,0.0,294000
2,68,4,6,2025,0,0,1,0,39,5,1.0,0.0,0.0,1.0,220000
2,52,6,14,1990,0,0,1,0,35,1,0.0,0.0,0.0,0.0,131600
2,78,4,6,2027,0,0,1,0,38,5,0.0,0.0,0.0,0.0,207230
2,71,5,5,2024,0,1,1,0,39,5,0.0,0.0,0.0,1.0,212000
2,77,3,11,2025,0,0,1,0,39,5,1.0,0.0,1.0,1.0,275000
2,73,3,6,2026,0,0,1,0,39,5,0.0,0.0,1.0,1.0,195000
2,62,2,6,2026,0,0,1,0,39,5,1.0,0.0,1.0,1.0,160160
2,64,3,6,2025,0,0,1,0,39,5,1.0,0.0,1.0,1.0,222000
2,76,4,5,2008,0,0,1,0,39,5,0.0,0.0,1.0,0.0,215000
2,69,7,14,2025,0,0,1,1,39,5,0.0,0.0,0.0,1.0,217000
2,62,2,7,2026,0,0,1,1,38,5,1.0,1.0,0.0,0.0,160000
2,51,11,13,2025,0,0,1,0,36,3,1.0,1.0,1.0,0.0,139900
2,67,3,4,2023,0,0,1,0,33,5,1.0,0.0,1.0,1.0,210000
2,68,3,9,2026,0,0,1,0,38,5,0.0,1.0,0.0,0.0,161140
2,64,2,5,2019,0,0,1,0,39,5,1.0,0.0,0.0,0.0,225000
2,66,2,7,2021,0,0,1,0,39,5,1.0,0.0,1.0,1.0,249800
2,66,3,4,1960,0,0,1,0,36,5,0.0,1.0,0.0,0.0,129900
2,67,3,5,2026,0,0,1,1,39,5,1.0,0.0,1.0,0.0,195500
2,70,7,24,2025,0,0,1,0,39,5,0.0,0.0,0.0,1.0,200554
2,56,5,5,2025,0,1,1,0,39,5,1.0,0.0,0.0,0.0,220000
2,66,3,6,2028,0,0,1,0,39,5,0.0,0.0,0.0,0.0,183000
2,86,3,6,2007,0,0,1,0,44,5,1.0,1.0,1.0,0.0,363000
2,100,2,6,1993,0,0,1,0,44,5,0.0,0.0,0.0,0.0,335000
2,65,1,9,2025,1,0,1,0,40,5,0.0,0.0,0.0,0.0,142999
2,52,1,5,2020,1,0,1,0,41,5,1.0,0.0,0.0,0.0,160000
2,68,3,7,2026,0,0,1,1,43,5,1.0,0.0,1.0,1.0,147000
2,98,9,10,2025,0,0,1,0,39,5,1.0,0.0,1.0,1.0,423500
2,53,6,7,2027,0,0,1,0,43,5,1.0,0.0,1.0,1.0,125000
2,119,6,6,2002,0,1,1,0,44,5,1.0,0.0,1.0,0.0,390000
2,68,3,6,2027,0,0,1,0,42,5,0.0,0.0,0.0,0.0,132600
2,74,4,7,2026,0,0,1,0,45,5,1.0,0.0,0.0,0.0,148000
2,81,5,15,2025,0,0,1,0,39,5,1.0,0.0,0.0,0.0,272000
2,67,2,4,2026,0,0,1,1,43,5,1.0,0.0,1.0,0.0,132000
2,85,13,20,2026,0,0,1,0,39,5,0.0,0.0,1.0,1.0,394950
2,69,3,7,2027,0,0,1,0,45,5,1.0,0.0,0.0,0.0,136500
2,88,15,24,2025,0,0,1,0,39,5,0.0,0.0,0.0,1.0,262344
2,63,4,7,2028,0,0,1,1,43,5,0.0,0.0,0.0,0.0,132300
2,63,4,7,2025,0,0,1,0,44,5,1.0,1.0,0.0,0.0,263500
2,63,2,5,1970,0,0,1,0,44,5,1.0,0.0,0.0,0.0,290000
2,85,4,7,2022,0,0,1,0,39,5,0.0,0.0,1.0,1.0,340000
2,83,3,7,2028,0,0,1,1,43,5,0.0,0.0,0.0,0.0,181500
2,68,2,7,2027,0,0,1,0,43,5,1.0,0.0,1.0,1.0,143000
2,90,2,6,2026,0,0,1,0,41,5,1.0,0.0,0.0,0.0,123394
2,70,1,8,2027,1,0,1,0,43,5,0.0,0.0,0.0,0.0,125300
2,63,5,5,2024,0,1,1,0,39,5,0.0,0.0,0.0,1.0,320000
2,60,1,3,2025,1,0,1,0,44,5,0.0,0.0,0.0,0.0,310000
2,71,2,5,2025,0,0,1,0,39,5,0.0,0.0,1.0,0.0,304000
2,80,2,6,2008,0,0,1,0,47,5,0.0,1.0,0.0,1.0,185000
2,65,4,4,1970,0,1,1,0,44,5,0.0,0.0,0.0,0.0,259990
2,57,4,5,2025,0,0,1,0,41,5,1.0,0.0,0.0,0.0,149000
2,74,6,8,2026,0,0,1,0,39,5,0.0,0.0,1.0,0.0,294000
2,70,2,7,2026,0,0,1,0,43,5,0.0,1.0,0.0,1.0,148000
2,70,2,7,2026,0,0,1,0,42,5,0.0,1.0,0.0,1.0,148000
2,65,8,8,1970,0,1,1,0,46,4,1.0,0.0,0.0,0.0,124999
2,73,6,6,2025,0,1,1,0,44,5,1.0,0.0,0.0,0.0,224900
2,63,2,7,2024,0,0,1,0,44,5,0.0,1.0,1.0,1.0,283000
2,75,2,5,2026,0,0,1,0,41,5,1.0,0.0,0.0,1.0,140969
2,68,4,7,2026,0,0,1,0,45,5,1.0,0.0,0.0,1.0,136000
2,71,3,6,2025,0,0,1,0,44,5,0.0,1.0,0.0,0.0,300000
2,79,3,6,2025,0,0,1,0,39,5,0.0,0.0,1.0,1.0,320000
2,61,5,8,1980,0,0,1,0,46,4,1.0,0.0,0.0,0.0,119900
2,70,2,4,2025,0,0,1,0,101,5,0.0,0.0,0.0,1.0,175000
2,80,2,6,2012,0,0,1,0,48,5,0.0,0.0,0.0,0.0,145000
2,65,7,7,1980,0,1,1,0,52,4,0.0,0.0,0.0,0.0,136800
2,55,6,7,1980,0,0,1,0,48,5,0.0,0.0,0.0,0.0,169000
2,65,3,8,1980,0,0,1,0,52,4,0.0,0.0,0.0,0.0,130000
2,80,0,0,2026,1,1,1,0,102,5,1.0,0.0,0.0,0.0,205550
2,73,2,7,2026,0,0,1,0,55,5,0.0,0.0,0.0,0.0,122842
2,88,3,7,2026,0,0,1,0,55,5,0.0,0.0,0.0,0.0,148025
2,64,1,5,2025,1,0,1,0,101,5,0.0,0.0,0.0,1.0,160000
2,84,2,8,2026,0,0,1,1,52,5,0.0,0.0,0.0,1.0,146772
2,75,4,4,2026,0,1,1,0,102,5,0.0,0.0,0.0,1.0,222972
2,65,3,9,1980,0,0,1,0,53,4,1.0,1.0,0.0,0.0,152990
2,62,2,4,2027,0,0,1,0,56,5,0.0,0.0,0.0,0.0,127000
2,74,15,15,1980,0,1,1,0,50,1,1.0,0.0,0.0,0.0,153000
2,57,2,7,2026,0,0,1,0,53,5,1.0,1.0,1.0,0.0,110000
2,78,6,8,2026,0,0,1,0,51,5,1.0,0.0,0.0,1.0,169650
2,46,2,6,1980,0,0,1,0,52,4,0.0,0.0,0.0,0.0,90000
2,84,2,6,2028,0,0,1,0,55,5,0.0,0.0,0.0,0.0,142800
2,65,2,9,2028,0,0,1,1,52,5,0.0,1.0,0.0,1.0,114850
2,55,4,4,2028,0,1,1,0,56,5,0.0,0.0,0.0,0.0,104732
2,65,8,9,2025,0,0,1,0,55,4,1.0,0.0,0.0,0.0,147000
2,160,8,8,2025,0,1,1,0,51,5,1.0,0.0,0.0,1.0,160000
2,66,4,4,2027,0,1,1,1,56,5,0.0,0.0,1.0,0.0,129999
2,40,2,5,2000,0,0,1,0,53,5,1.0,0.0,0.0,0.0,185000
2,56,5,12,1980,0,0,1,0,51,1,0.0,0.0,0.0,0.0,135000
2,78,6,8,2026,0,0,1,0,51,5,0.0,0.0,0.0,1.0,169650
2,69,4,4,2002,0,1,1,0,101,5,0.0,0.0,1.0,0.0,219990
2,42,7,8,1980,0,0,1,0,51,4,0.0,0.0,0.0,0.0,89000
2,47,4,8,2025,0,0,1,0,48,4,0.0,1.0,0.0,0.0,129500
2,75,1,7,2025,1,0,1,0,102,5,1.0,0.0,0.0,0.0,350000
2,68,2,9,2028,0,0,1,0,48,5,0.0,0.0,1.0,0.0,138557
2,190,6,7,2026,0,0,1,0,55,5,0.0,0.0,1.0,1.0,200000
2,66,2,8,1980,0,0,1,0,53,4,1.0,1.0,0.0,0.0,158000
2,64,5,6,2026,0,0,1,0,49,5,1.0,0.0,0.0,1.0,125000
2,69,3,4,2026,0,0,1,0,56,5,1.0,0.0,1.0,0.0,118000
2,80,1,6,2012,1,0,1,0,48,5,0.0,0.0,0.0,0.0,145000
2,62,6,8,1980,0,0,1,0,49,4,0.0,0.0,0.0,0.0,134990
2,65,5,8,2025,0,0,1,0,52,4,1.0,0.0,0.0,0.0,219000
2,55,5,6,2025,0,0,1,0,54,5,1.0,0.0,1.0,0.0,149900
2,65,4,9,2026,0,0,1,0,51,5,1.0,1.0,1.0,0.0,130000
2,57,2,5,2025,0,0,1,0,56,5,0.0,0.0,0.0,0.0,157000
2,66,2,4,2027,0,0,1,0,56,5,0.0,0.0,1.0,0.0,154990
2,95,4,4,2028,0,1,1,0,56,5,0.0,0.0,0.0,0.0,145849
2,61,2,4,2026,0,0,1,1,56,5,1.0,0.0,0.0,0.0,139900
2,75,4,4,2028,0,1,1,1,56,5,1.0,0.0,1.0,0.0,140511
2,70,3,4,2026,0,0,1,0,56,5,0.0,0.0,0.0,0.0,136597
2,66,3,4,2027,0,0,1,0,56,5,0.0,0.0,1.0,1.0,139335
2,62,6,6,2026,0,1,1,0,56,5,0.0,0.0,0.0,1.0,136500
2,66,1,4,2026,1,0,1,0,56,5,1.0,0.0,1.0,1.0,139545
2,64,4,4,2025,0,1,1,0,56,5,0.0,0.0,0.0,1.0,142370
2,68,6,6,2026,0,1,1,0,56,5,0.0,0.0,0.0,0.0,154999
2,63,3,4,2027,0,0,1,0,56,5,0.0,0.0,1.0,0.0,140500
2,77,3,3,2024,0,1,1,0,56,5,0.0,0.0,0.0,1.0,155000
2,70,2,5,2026,0,0,1,0,56,5,0.0,0.0,0.0,1.0,163000
2,64,4,8,2026,0,0,1,0,56,5,0.0,0.0,0.0,0.0,165000
2,73,3,7,2025,0,0,1,1,56,5,0.0,0.0,0.0,1.0,152000
2,71,3,4,2026,0,0,1,0,56,5,0.0,0.0,1.0,1.0,145000
2,66,4,4,2026,0,1,1,0,56,5,0.0,0.0,0.0,1.0,131500
2,66,3,6,2026,0,0,1,0,56,5,1.0,0.0,0.0,0.0,165999
2,72,4,6,2025,0,0,1,0,56,5,0.0,0.0,1.0,0.0,162212
2,125,5,5,2026,0,1,1,0,56,5,0.0,0.0,0.0,0.0,148000
2,64,3,4,2027,0,0,1,0,56,5,0.0,0.0,1.0,1.0,135345
2,57,3,4,2026,0,0,1,1,56,5,0.0,0.0,1.0,1.0,130000
2,67,4,4,2028,0,1,1,1,56,5,0.0,0.0,1.0,0.0,140763
2,103,1,4,2027,1,0,1,0,56,5,0.0,0.0,1.0,0.0,165868
2,151,4,4,2027,0,1,1,0,56,5,0.0,0.0,0.0,0.0,152070
2,96,6,6,2026,0,1,1,0,56,5,0.0,0.0,0.0,0.0,148356
2,57,1,5,2025,1,0,1,0,56,5,1.0,0.0,1.0,1.0,155000
2,77,1,7,2025,1,0,1,0,56,5,0.0,0.0,1.0,1.0,136070
2,57,3,7,2026,0,0,1,0,56,5,0.0,0.0,0.0,1.0,150000
2,73,1,8,2026,1,0,1,0,56,5,1.0,0.0,0.0,1.0,165000
2,72,2,8,2026,0,0,1,0,56,5,1.0,0.0,0.0,1.0,158000
2,77,4,4,2028,0,1,1,1,56,5,0.0,0.0,1.0,0.0,134500
2,157,4,4,2027,0,1,1,0,56,5,0.0,0.0,1.0,0.0,154988
2,60,1,6,2025,1,0,1,0,56,5,1.0,0.0,0.0,1.0,145000
2,63,1,4,2025,1,0,1,1,56,5,0.0,0.0,1.0,1.0,132300
2,64,1,4,2025,1,0,1,0,56,5,0.0,0.0,1.0,1.0,146349
2,75,2,7,2025,0,0,1,0,56,5,0.0,0.0,1.0,1.0,132660
2,72,3,6,2025,0,0,1,1,56,5,0.0,0.0,1.0,0.0,159999
2,100,1,4,2026,1,0,1,0,56,5,1.0,0.0,1.0,0.0,164990
2,64,2,5,2026,0,0,1,0,56,5,1.0,0.0,0.0,1.0,167999
2,63,3,6,2025,0,0,1,1,56,5,1.0,1.0,0.0,1.0,225000
2,62,5,6,2025,0,0,1,1,56,5,1.0,0.0,0.0,1.0,154167
2,67,4,4,2026,0,1,1,0,56,5,0.0,0.0,0.0,1.0,167500
2,63,2,4,2024,0,0,1,0,56,5,0.0,0.0,0.0,1.0,174000
2,73,2,4,2026,0,0,1,0,56,5,1.0,0.0,0.0,0.0,168500
2,67,3,8,2026,0,0,1,0,56,5,0.0,0.0,0.0,1.0,166000
2,76,2,4,2026,0,0,1,0,56,5,0.0,0.0,1.0,0.0,168283
2,71,2,5,2026,0,0,1,0,56,5,0.0,0.0,0.0,0.0,179900
2,77,5,9,2025,0,0,1,0,56,5,1.0,0.0,0.0,1.0,183333
2,72,2,4,2026,0,0,1,0,56,5,1.0,0.0,0.0,0.0,150580
2,75,5,7,2025,0,0,1,1,56,5,0.0,0.0,0.0,1.0,190000
2,67,5,6,2025,0,0,1,0,56,5,0.0,0.0,0.0,1.0,170000
2,78,5,5,2016,0,1,1,0,56,5,1.0,0.0,0.0,1.0,179000
2,64,3,7,2026,0,0,1,0,56,5,0.0,0.0,0.0,0.0,170000
2,70,2,6,2025,0,0,1,0,56,5,0.0,0.0,0.0,1.0,189900
2,67,4,4,2026,0,1,1,0,56,5,0.0,0.0,1.0,1.0,169000
2,63,6,7,2025,0,0,1,0,56,5,0.0,1.0,0.0,0.0,200000
2,71,5,6,2025,0,0,1,0,56,5,1.0,0.0,1.0,1.0,219799
2,72,6,6,2026,0,1,1,0,56,5,1.0,0.0,0.0,0.0,168000
2,70,2,6,2026,0,0,1,0,56,5,1.0,0.0,0.0,1.0,199990
2,72,6,6,2021,0,1,1,0,56,5,1.0,0.0,0.0,1.0,207000
2,81,5,6,2025,0,0,1,0,56,5,1.0,0.0,0.0,1.0,197000
2,74,1,4,2025,1,0,1,0,56,5,0.0,0.0,1.0,1.0,195780
2,77,2,9,2025,0,0,1,0,56,5,1.0,0.0,0.0,1.0,195000
2,77,5,9,2025,0,0,1,0,56,5,1.0,0.0,0.0,1.0,160645
2,87,1,5,2025,1,0,1,0,56,5,1.0,0.0,1.0,1.0,220000
2,74,6,6,2022,0,1,1,0,56,5,1.0,0.0,0.0,0.0,201000
2,68,4,6,2026,0,0,1,0,56,5,1.0,1.0,1.0,0.0,200000
2,75,1,9,2025,1,0,1,0,56,5,1.0,0.0,0.0,1.0,182000
2,74,3,4,2026,0,0,1,0,56,5,1.0,0.0,0.0,0.0,185000
2,75,3,6,2025,0,0,1,0,56,5,0.0,1.0,0.0,1.0,170000
2,63,5,6,2026,0,0,1,0,56,5,0.0,0.0,0.0,0.0,187000
2,71,3,4,2026,0,0,1,0,56,5,0.0,0.0,0.0,0.0,169999
2,64,4,6,2026,0,0,1,0,56,5,1.0,0.0,0.0,0.0,179000
2,76,3,4,2026,0,0,1,0,56,5,0.0,0.0,1.0,0.0,167322
2,73,2,4,2026,0,0,1,0,56,5,1.0,0.0,0.0,0.0,170000
2,74,4,6,2026,0,0,1,0,56,5,1.0,0.0,0.0,1.0,207900
2,76,1,9,2025,1,0,1,0,56,5,1.0,0.0,0.0,1.0,179083
2,67,4,4,2026,0,1,1,1,56,5,1.0,0.0,0.0,1.0,169000
2,102,2,7,2024,0,0,1,0,57,5,1.0,0.0,0.0,0.0,252000
2,75,10,10,2027,0,1,1,0,57,5,1.0,0.0,1.0,0.0,184000
2,83,3,5,2025,0,0,1,0,57,5,0.0,0.0,0.0,0.0,218000
2,64,6,8,2008,0,0,1,0,57,5,1.0,0.0,0.0,1.0,230000
2,67,2,5,2027,0,0,1,0,57,5,0.0,0.0,0.0,0.0,183244
2,75,2,10,2027,0,0,1,0,57,5,1.0,0.0,1.0,0.0,180000
2,92,3,6,2027,0,0,1,1,57,5,1.0,0.0,0.0,1.0,241689
2,63,4,5,2026,0,0,1,0,57,5,1.0,0.0,1.0,1.0,200000
2,65,3,5,2027,0,0,1,1,57,5,0.0,0.0,0.0,0.0,160550
2,80,6,9,2008,0,0,1,0,57,5,0.0,0.0,0.0,1.0,240000
2,60,3,8,2009,0,0,1,0,57,5,1.0,0.0,0.0,0.0,214999
2,63,4,5,2026,0,0,1,0,57,5,0.0,0.0,0.0,0.0,180000
2,63,4,6,2025,0,0,1,0,56,5,1.0,0.0,1.0,1.0,245000
2,65,11,12,2025,0,0,1,0,57,5,0.0,0.0,0.0,0.0,234990
2,81,1,4,2025,1,0,1,1,56,5,0.0,0.0,0.0,1.0,236000
2,72,3,5,2026,0,0,1,0,57,5,0.0,0.0,1.0,0.0,165648
2,69,5,6,2026,0,0,1,1,57,5,0.0,0.0,1.0,0.0,167325
2,63,5,7,2026,0,0,1,0,56,5,0.0,1.0,1.0,0.0,240000
2,100,1,6,2020,1,0,1,1,56,5,0.0,1.0,1.0,1.0,258999
2,63,1,5,2026,1,0,1,0,57,5,1.0,0.0,1.0,0.0,181666
2,75,2,5,2027,0,0,1,0,57,5,1.0,0.0,0.0,1.0,188000
2,64,6,8,2008,0,0,1,0,57,5,0.0,0.0,0.0,1.0,230000
2,80,6,9,2008,0,0,1,0,57,5,0.0,0.0,0.0,0.0,240000
2,81,6,8,2008,0,0,1,0,57,5,0.0,0.0,1.0,0.0,240000
2,69,4,5,2022,0,0,1,0,57,5,0.0,0.0,0.0,0.0,214000
2,83,2,5,2028,0,0,1,0,57,5,0.0,0.0,1.0,0.0,182000
2,75,2,6,2015,0,0,1,1,57,5,0.0,0.0,1.0,0.0,229500
2,74,7,8,2025,0,0,1,0,56,5,1.0,0.0,1.0,1.0,269360
2,60,5,8,2006,0,0,1,0,57,5,1.0,0.0,1.0,0.0,234900
2,80,3,5,2026,0,0,1,0,57,5,0.0,0.0,1.0,0.0,185090
2,85,2,6,2026,0,0,1,0,56,5,1.0,0.0,1.0,1.0,259000
2,72,2,4,2026,0,0,1,0,56,5,0.0,0.0,0.0,1.0,240000
2,80,3,4,2027,0,0,1,0,57,5,0.0,0.0,0.0,0.0,191064
2,85,2,4,2027,0,0,1,0,57,5,0.0,0.0,0.0,0.0,228500
2,58,4,7,2017,0,0,1,0,57,5,1.0,0.0,0.0,1.0,204900
2,53,2,6,2026,0,0,1,0,57,5,1.0,0.0,1.0,1.0,132000
2,80,6,9,2008,0,0,1,0,57,5,1.0,0.0,0.0,1.0,240000
2,63,5,8,2025,0,0,1,0,56,5,0.0,1.0,1.0,0.0,229000
2,65,2,4,2025,0,0,1,0,57,5,0.0,0.0,1.0,0.0,194000
2,71,8,8,2025,0,1,1,0,63,4,0.0,0.0,0.0,0.0,242000
2,82,3,10,2026,0,0,1,1,63,5,1.0,0.0,0.0,1.0,178000
2,86,6,8,2025,0,0,1,0,57,5,0.0,0.0,1.0,1.0,314000
2,82,4,8,2026,0,0,1,1,63,5,0.0,0.0,0.0,1.0,179000
2,47,8,8,1991,0,1,1,0,62,4,1.0,0.0,0.0,0.0,176800
2,77,6,11,2027,0,0,1,0,63,5,0.0,0.0,1.0,0.0,206800
2,93,2,10,2027,0,0,1,0,57,5,1.0,0.0,1.0,0.0,221000
2,83,4,9,2022,0,0,1,0,57,5,0.0,0.0,0.0,0.0,269000
2,96,3,7,2011,0,0,1,0,61,5,0.0,0.0,0.0,1.0,331500
2,131,6,7,2017,0,0,1,1,58,5,0.0,0.0,0.0,0.0,290000
2,60,4,8,1980,0,0,1,0,62,4,0.0,0.0,0.0,0.0,199000
2,84,9,9,2009,0,1,1,0,63,5,0.0,1.0,0.0,1.0,200000
2,66,4,8,1980,0,0,1,0,62,4,0.0,0.0,0.0,0.0,178000
2,72,3,6,2023,0,0,1,0,57,5,1.0,0.0,0.0,1.0,280000
2,80,2,6,2025,0,0,1,0,61,5,0.0,1.0,0.0,0.0,155058
2,81,15,16,2027,0,0,1,0,62,5,0.0,0.0,0.0,1.0,278052
2,66,24,25,2025,0,0,1,0,59,1,0.0,0.0,0.0,0.0,205000
2,62,5,8,1990,0,0,1,0,60,4,1.0,0.0,0.0,0.0,189999
2,45,4,8,1980,0,0,1,0,62,4,0.0,1.0,0.0,0.0,127000
2,84,16,16,2027,0,1,1,0,62,5,0.0,0.0,0.0,1.0,290732
2,85,2,5,2010,0,0,1,0,57,5,1.0,0.0,0.0,1.0,270000
2,58,5,6,2010,0,0,1,1,59,5,0.0,0.0,0.0,0.0,162000
2,91,12,16,2025,0,0,1,1,57,5,1.0,0.0,1.0,0.0,360000
2,50,8,8,2025,0,1,1,0,61,4,1.0,0.0,0.0,0.0,160000
2,94,5,5,2001,0,1,1,0,61,5,0.0,0.0,0.0,1.0,124999
2,81,14,16,2027,0,0,1,0,62,5,0.0,0.0,0.0,1.0,273963
2,48,8,8,2025,0,1,1,0,61,4,0.0,0.0,1.0,0.0,178000
2,86,1,5,2018,1,0,1,0,57,5,0.0,0.0,0.0,0.0,279000
2,87,7,7,2009,0,1,1,0,61,5,1.0,0.0,0.0,0.0,238000
2,96,10,15,2025,0,0,1,0,57,5,1.0,0.0,1.0,1.0,425000
2,96,4,4,2027,0,1,1,0,57,5,0.0,0.0,0.0,0.0,256828
2,72,4,8,2026,0,0,1,0,63,5,1.0,0.0,1.0,1.0,174990
2,84,15,16,2027,0,0,1,0,59,5,0.0,1.0,1.0,1.0,286518
2,65,3,8,1980,0,0,1,0,61,4,0.0,1.0,0.0,0.0,185000
2,92,2,6,2025,0,0,1,0,61,5,0.0,1.0,0.0,0.0,183398
2,84,1,11,2027,1,0,1,0,63,5,1.0,0.0,0.0,1.0,176757
2,48,4,8,1980,0,0,1,0,62,4,1.0,1.0,0.0,0.0,123000
2,74,2,6,2026,0,0,1,1,57,5,1.0,0.0,0.0,0.0,260000
2,80,8,11,2026,0,0,1,0,60,5,0.0,0.0,1.0,1.0,215000
2,74,7,8,2025,0,0,1,0,57,5,1.0,0.0,1.0,1.0,270000
2,72,5,13,2027,0,0,1,0,72,5,0.0,0.0,1.0,0.0,218240
2,72,4,13,2027,0,0,1,0,72,5,0.0,0.0,1.0,0.0,219170
2,65,4,5,2021,0,0,1,0,71,5,0.0,0.0,0.0,0.0,155000
2,47,3,8,2025,0,0,1,0,71,4,1.0,0.0,0.0,0.0,127700
2,76,5,5,2025,0,1,1,0,68,5,0.0,0.0,0.0,0.0,179000
2,68,2,5,2027,0,0,1,0,68,5,1.0,0.0,1.0,0.0,149600
2,75,2,4,2026,0,0,1,0,73,5,1.0,0.0,1.0,1.0,160239
2,72,3,13,2027,0,0,1,0,72,5,0.0,0.0,1.0,0.0,210010
2,74,2,6,2026,0,0,1,0,67,5,1.0,1.0,0.0,0.0,162822
2,68,9,10,2025,0,0,1,1,63,5,1.0,0.0,1.0,1.0,289990
2,71,5,13,2027,0,0,1,0,72,5,0.0,0.0,1.0,0.0,271030
2,70,5,6,2027,0,0,1,1,72,5,0.0,0.0,1.0,0.0,269280
2,48,4,5,2025,0,0,1,0,72,5,0.0,0.0,0.0,0.0,245000
2,63,2,5,2027,0,0,1,0,73,5,0.0,0.0,0.0,0.0,133000
2,82,6,10,2025,0,0,1,1,63,5,0.0,0.0,0.0,0.0,350000
2,56,1,6,1960,1,0,1,0,72,5,0.0,0.0,0.0,0.0,269900
2,75,6,16,2028,0,0,1,0,73,5,1.0,0.0,0.0,0.0,177000
2,76,6,6,2026,0,1,1,0,73,5,1.0,0.0,1.0,0.0,131999
2,48,8,16,1980,0,0,1,0,71,1,0.0,0.0,0.0,0.0,129000
2,55,2,6,2025,0,0,1,0,70,5,0.0,1.0,0.0,0.0,91064
2,61,9,9,2025,0,1,1,1,73,5,1.0,0.0,0.0,1.0,164900
2,66,3,6,2025,0,0,1,0,64,5,0.0,0.0,0.0,1.0,126445
2,86,4,6,2026,0,0,1,0,73,5,0.0,0.0,0.0,0.0,155000
2,60,5,8,2025,0,0,1,0,65,4,0.0,0.0,0.0,0.0,200000
2,68,4,4,2025,0,1,1,0,69,5,0.0,0.0,0.0,0.0,149900
2,63,6,6,2025,0,1,1,0,67,4,1.0,0.0,0.0,0.0,134900
2,65,7,8,2025,0,0,1,0,72,4,0.0,0.0,0.0,0.0,215000
2,50,5,8,2025,0,0,1,0,73,4,1.0,0.0,0.0,0.0,114990
2,60,5,6,2027,0,0,1,0,70,5,0.0,1.0,0.0,0.0,96309
2,61,4,5,2025,0,0,1,0,67,5,1.0,0.0,1.0,0.0,178999
2,65,2,6,2026,0,0,1,0,73,5,0.0,0.0,0.0,0.0,139170
2,60,3,7,2027,0,0,1,0,67,5,0.0,0.0,1.0,1.0,144990
2,73,3,6,2027,0,0,1,0,73,5,0.0,0.0,1.0,0.0,147000
2,70,8,9,2029,0,0,1,0,70,5,0.0,0.0,0.0,1.0,133450
2,72,5,7,2026,0,0,1,0,73,5,1.0,0.0,1.0,1.0,170000
2,71,6,9,1997,0,0,1,0,64,4,1.0,0.0,0.0,0.0,142500
2,69,4,7,2026,0,0,1,0,73,5,1.0,0.0,0.0,1.0,158000
2,70,8,8,2026,0,1,1,0,66,5,1.0,0.0,1.0,1.0,174000
2,65,1,8,1980,1,0,1,0,68,4,1.0,1.0,0.0,0.0,152000
2,63,7,9,2026,0,0,1,0,73,5,0.0,0.0,0.0,1.0,140000
2,65,3,8,2025,0,0,1,0,78,4,1.0,0.0,0.0,0.0,145000
2,76,7,9,2026,0,0,1,0,76,5,0.0,0.0,1.0,1.0,189000
2,121,6,6,2026,0,1,1,0,73,5,1.0,0.0,1.0,0.0,210616
2,77,3,6,2024,0,0,1,0,74,5,0.0,0.0,0.0,1.0,140000
2,64,3,6,1990,0,0,1,0,74,4,0.0,0.0,0.0,0.0,153000
2,69,2,16,2028,0,0,1,0,74,5,1.0,0.0,0.0,0.0,146000
2,66,6,6,2025,0,1,1,0,73,5,0.0,0.0,0.0,1.0,189000
2,67,2,8,2025,0,0,1,1,75,5,1.0,0.0,0.0,0.0,165000
2,65,8,8,1991,0,1,1,0,75,4,0.0,0.0,0.0,0.0,179900
2,65,6,7,2025,0,0,1,0,74,5,0.0,0.0,0.0,1.0,165000
2,63,3,8,2028,0,0,1,0,74,5,0.0,0.0,1.0,0.0,118500
2,74,2,6,2028,0,0,1,0,75,5,0.0,0.0,1.0,0.0,119237
2,59,5,6,2028,0,0,1,0,75,5,0.0,0.0,1.0,0.0,102794
2,56,1,4,2025,1,0,1,0,74,5,0.0,0.0,0.0,0.0,122701
2,50,5,8,2025,0,0,1,0,75,4,1.0,0.0,0.0,0.0,114990
2,68,9,16,2028,0,0,1,0,74,5,1.0,0.0,0.0,0.0,147000
2,60,5,8,2025,0,0,1,0,75,4,1.0,0.0,0.0,0.0,139000
2,60,6,9,1993,0,0,1,0,74,4,0.0,0.0,0.0,0.0,189600
2,77,9,9,2026,0,1,1,0,76,5,0.0,0.0,1.0,1.0,185000
2,90,1,4,2026,1,0,1,0,73,5,0.0,0.0,0.0,0.0,179976
2,64,5,6,2027,0,0,1,0,75,5,1.0,0.0,0.0,0.0,135000
2,85,1,8,2025,1,0,1,1,75,5,1.0,0.0,0.0,0.0,200000
2,61,9,9,2025,0,1,1,1,75,5,1.0,0.0,0.0,1.0,164900
2,63,4,7,2026,0,0,1,1,75,5,1.0,0.0,0.0,0.0,140000
2,71,6,8,2026,0,0,1,0,75,5,1.0,0.0,1.0,1.0,205900
2,130,9,10,2027,0,0,1,0,73,5,1.0,0.0,0.0,1.0,263125
2,90,3,5,2009,0,0,1,0,75,5,0.0,0.0,0.0,0.0,227000
2,63,3,4,2025,0,0,1,1,75,5,1.0,1.0,1.0,1.0,179000
2,58,5,6,2010,0,0,1,1,77,5,0.0,0.0,0.0,0.0,162000
2,70,2,6,2028,0,0,1,0,75,5,0.0,0.0,1.0,0.0,112885
2,72,1,5,2025,1,0,1,0,73,5,0.0,0.0,0.0,0.0,265000
2,71,4,5,2026,0,0,1,0,73,5,1.0,0.0,1.0,0.0,177500
2,67,5,11,2025,0,0,1,0,77,5,1.0,1.0,0.0,1.0,180000
2,63,4,5,2026,0,0,1,1,75,5,0.0,1.0,0.0,0.0,150000
2,110,7,10,2027,0,0,1,0,73,5,1.0,0.0,0.0,1.0,221628
2,128,9,10,2027,0,0,1,0,73,5,1.0,0.0,0.0,1.0,259279
2,60,4,7,2025,0,0,1,0,73,5,0.0,0.0,0.0,1.0,225000
2,64,2,9,2026,0,0,1,0,76,5,0.0,0.0,1.0,1.0,159000
2,94,4,6,2025,0,0,1,0,73,5,1.0,0.0,0.0,0.0,225000
2,76,9,9,2026,0,1,1,0,76,5,0.0,0.0,1.0,1.0,185000
2,136,6,6,2026,0,1,1,0,83,5,0.0,0.0,0.0,1.0,244800
2,136,17,17,2026,0,1,1,1,82,5,1.0,0.0,0.0,1.0,252661
2,60,1,6,1980,1,0,1,0,81,4,0.0,0.0,0.0,0.0,120000
2,58,2,6,1970,0,0,1,0,81,4,0.0,0.0,0.0,0.0,180000
2,74,1,4,2025,1,0,1,0,83,5,0.0,0.0,1.0,1.0,195780
2,70,3,3,2025,0,1,1,1,83,5,1.0,0.0,1.0,1.0,319000
2,72,7,8,1980,0,0,1,0,79,4,0.0,0.0,0.0,0.0,175000
2,83,2,7,2027,0,0,1,0,86,5,0.0,1.0,0.0,0.0,200500
2,65,7,9,1980,0,0,1,0,79,4,1.0,0.0,0.0,0.0,189000
2,87,3,6,2026,0,0,1,0,83,5,0.0,0.0,0.0,1.0,182720
2,78,2,6,2025,0,0,1,1,83,5,1.0,0.0,0.0,0.0,141066
2,92,1,3,2025,1,0,1,0,104,5,1.0,0.0,0.0,0.0,92000
2,68,3,7,2004,0,0,1,0,86,5,0.0,0.0,0.0,0.0,209900
2,60,5,9,1970,0,0,1,0,80,1,0.0,0.0,0.0,0.0,119990
2,50,1,6,2021,1,0,1,0,79,5,1.0,0.0,0.0,0.0,170000
2,69,3,5,2026,0,0,1,0,78,5,0.0,0.0,0.0,0.0,156000
2,75,6,8,2025,0,0,1,0,87,4,1.0,0.0,0.0,0.0,249900
2,60,3,13,2025,0,0,1,1,82,5,1.0,0.0,0.0,0.0,229500
2,55,4,4,2026,0,1,1,0,79,5,0.0,0.0,0.0,0.0,160500
2,63,3,6,2025,0,0,1,0,82,5,0.0,0.0,0.0,1.0,185000
2,69,1,9,1980,1,0,1,0,80,4,0.0,1.0,0.0,0.0,159500
2,62,2,2,2025,0,1,1,0,79,5,1.0,0.0,0.0,0.0,180000
2,67,14,16,2026,0,0,1,1,82,5,1.0,1.0,0.0,1.0,125000
2,76,3,8,1997,0,0,1,0,79,5,1.0,0.0,0.0,0.0,229000
2,60,4,8,1980,0,0,1,0,86,4,0.0,1.0,0.0,0.0,165000
2,75,4,4,2026,0,1,1,0,83,5,0.0,0.0,0.0,1.0,222972
2,65,4,7,2027,0,0,1,0,86,5,0.0,0.0,1.0,0.0,146900
2,51,6,11,1980,0,0,1,0,87,1,1.0,0.0,0.0,0.0,200900
2,84,2,7,2025,0,0,1,0,86,5,1.0,1.0,0.0,0.0,214000
2,73,3,14,2026,0,0,1,1,85,5,1.0,0.0,1.0,0.0,186000
2,65,7,7,2001,0,1,1,0,79,5,0.0,1.0,0.0,0.0,228900
2,59,2,5,2028,0,0,1,1,81,5,0.0,0.0,1.0,0.0,99120
2,65,3,6,1999,0,0,1,0,79,5,0.0,0.0,1.0,0.0,225000
2,65,7,10,2025,0,0,1,1,82,5,0.0,0.0,1.0,0.0,129600
2,66,2,7,2027,0,0,1,0,86,5,0.0,0.0,1.0,0.0,139990
2,82,2,3,2026,0,0,1,0,103,5,0.0,0.0,1.0,0.0,184880
2,72,7,9,2025,0,0,1,0,87,5,0.0,0.0,0.0,0.0,192616
2,82,2,7,2027,0,0,1,0,86,5,1.0,1.0,1.0,0.0,198000
2,69,3,5,2013,0,0,1,1,84,5,0.0,0.0,0.0,0.0,204000
2,57,4,5,2025,0,0,1,0,83,5,0.0,0.0,1.0,1.0,215000
2,71,2,6,2028,0,0,1,0,92,5,0.0,1.0,1.0,1.0,158000
2,61,0,0,2011,1,1,1,0,88,5,0.0,0.0,0.0,0.0,159999
2,79,9,9,2028,0,1,1,0,90,5,0.0,1.0,0.0,0.0,192772
2,67,3,10,2026,0,0,1,0,89,5,0.0,0.0,0.0,0.0,152820
2,71,5,6,2025,0,0,1,0,88,5,1.0,0.0,1.0,1.0,219800
2,64,2,9,2026,0,0,1,0,92,5,0.0,0.0,1.0,1.0,159000
2,63,5,8,2025,0,0,1,0,88,5,0.0,1.0,1.0,0.0,229000
2,57,3,4,2025,0,0,1,0,88,5,0.0,0.0,0.0,0.0,189990
2,67,5,8,1980,0,0,1,0,89,4,1.0,0.0,0.0,0.0,156000
2,65,6,8,2018,0,0,1,0,88,5,1.0,0.0,0.0,1.0,185000
2,94,3,7,2008,0,0,1,0,88,5,1.0,1.0,0.0,0.0,245000
2,42,2,8,1970,0,0,1,0,89,4,0.0,1.0,0.0,0.0,120000
2,60,5,6,2025,0,0,1,0,92,4,1.0,1.0,0.0,0.0,145000
2,77,5,6,2026,0,0,1,0,89,5,0.0,0.0,0.0,0.0,154140
2,58,2,8,1970,0,0,1,0,89,5,0.0,0.0,0.0,0.0,170000
2,86,2,5,2026,0,0,1,0,89,5,1.0,0.0,0.0,1.0,215000
2,75,2,6,2025,0,0,1,0,88,5,1.0,0.0,1.0,1.0,187500
2,56,6,6,1980,0,1,1,0,90,4,1.0,1.0,0.0,0.0,174999
2,66,2,4,1970,0,0,1,0,89,4,0.0,0.0,0.0,0.0,144990
2,75,2,10,2026,0,0,1,0,89,5,0.0,0.0,0.0,0.0,165220
2,96,6,6,2026,0,1,1,0,88,5,0.0,0.0,0.0,0.0,211508
2,72,3,8,2025,0,0,1,0,87,5,0.0,0.0,1.0,1.0,280000
2,70,2,5,2008,0,0,1,0,91,5,0.0,0.0,0.0,0.0,173000
2,62,6,8,1980,0,0,1,0,89,4,1.0,0.0,0.0,0.0,156000
2,56,2,6,2028,0,0,1,0,92,5,1.0,0.0,0.0,0.0,120026
2,68,2,4,2026,0,0,1,0,89,5,0.0,0.0,0.0,0.0,115000
2,74,2,14,1970,0,0,1,0,89,1,0.0,1.0,0.0,0.0,179000
2,59,2,6,2010,0,0,1,0,88,5,1.0,1.0,0.0,1.0,170000
2,66,1,7,2021,1,0,1,0,88,5,1.0,0.0,0.0,0.0,174999
2,62,2,6,2025,0,0,1,0,88,5,1.0,0.0,0.0,1.0,185000
2,69,5,7,2025,0,0,1,1,88,5,1.0,1.0,0.0,0.0,219900
2,67,0,0,2017,1,1,1,0,88,5,0.0,0.0,0.0,0.0,169999
2,43,6,8,2025,0,0,1,0,89,4,0.0,0.0,0.0,0.0,127990
2,68,8,8,1960,0,1,1,0,89,5,0.0,0.0,0.0,0.0,160000
2,68,7,7,1970,0,1,1,0,89,5,1.0,0.0,0.0,0.0,160000
2,60,6,6,2010,0,1,1,0,88,5,1.0,0.0,0.0,1.0,124999
2,74,7,10,2028,0,0,1,0,90,5,0.0,1.0,0.0,0.0,171898
2,68,8,8,1960,0,1,1,0,89,5,1.0,0.0,0.0,0.0,167000
2,64,2,9,2013,0,0,1,0,88,5,0.0,1.0,0.0,1.0,184990
2,96,3,7,2025,0,0,1,0,89,5,0.0,0.0,0.0,1.0,225000
2,64,2,9,2026,0,0,1,0,95,5,0.0,0.0,1.0,1.0,159000
2,95,4,6,2027,0,0,1,0,95,5,0.0,0.0,0.0,0.0,165445
2,59,1,6,2026,1,0,1,0,95,5,1.0,0.0,0.0,0.0,117645
2,48,3,5,1940,0,0,1,0,95,5,1.0,0.0,0.0,0.0,220000
2,57,1,5,2026,1,0,1,0,95,5,1.0,0.0,0.0,0.0,115198
2,65,0,0,2025,1,1,1,0,92,4,0.0,0.0,0.0,0.0,177000
2,69,5,7,2028,0,0,1,1,95,5,1.0,0.0,1.0,0.0,153590
2,90,6,6,2026,0,1,1,0,95,5,0.0,0.0,1.0,0.0,219000
2,77,9,9,2026,0,1,1,0,95,5,0.0,0.0,1.0,1.0,185000
2,77,9,9,2026,0,1,1,0,92,5,0.0,0.0,1.0,1.0,185000
2,76,9,9,2026,0,1,1,0,95,5,0.0,0.0,1.0,1.0,185000
2,66,4,6,2014,0,0,1,0,95,5,0.0,0.0,0.0,0.0,199000
2,85,4,7,2022,0,0,1,0,94,5,0.0,0.0,1.0,1.0,340000
2,76,7,9,2026,0,0,1,0,95,5,0.0,0.0,1.0,1.0,189000
2,70,2,4,2025,0,0,1,0,95,5,0.0,0.0,0.0,0.0,219900
2,69,1,4,2021,1,0,1,0,93,5,1.0,0.0,1.0,0.0,215000
2,45,1,5,2025,1,0,1,0,95,5,0.0,0.0,0.0,0.0,159000
2,66,3,3,2025,0,1,1,0,95,0,1.0,0.0,0.0,0.0,109999
2,55,2,4,2000,0,0,1,1,96,5,1.0,0.0,0.0,0.0,199500
2,90,2,6,2026,0,0,1,0,95,5,1.0,0.0,0.0,0.0,126876
2,76,7,9,2026,0,0,1,0,92,5,0.0,0.0,1.0,1.0,189000
2,76,9,9,2026,0,1,1,0,92,5,0.0,0.0,1.0,1.0,185000
2,110,5,6,2026,0,0,1,0,95,5,0.0,0.0,1.0,0.0,169000
2,65,4,6,2025,0,0,1,0,95,5,0.0,1.0,0.0,0.0,215000
2,64,1,6,1960,1,0,1,0,95,5,0.0,1.0,0.0,0.0,149000
2,87,5,6,2026,0,0,1,0,95,5,0.0,1.0,1.0,1.0,190000
2,84,4,14,2028,0,0,1,0,95,5,1.0,0.0,1.0,1.0,198800
2,92,0,0,2026,1,1,1,0,94,5,0.0,0.0,0.0,0.0,294400
2,79,13,14,2028,0,0,1,0,95,5,1.0,0.0,1.0,1.0,202800
2,51,3,7,1940,0,0,1,0,95,5,1.0,1.0,0.0,0.0,219900
2,75,16,17,2026,0,0,1,0,95,5,0.0,0.0,0.0,0.0,195000
2,66,3,3,2025,0,1,1,0,95,0,0.0,0.0,0.0,0.0,110000
2,66,6,6,2026,0,1,1,0,95,5,1.0,0.0,0.0,0.0,165000
2,63,1,6,2026,1,0,1,0,95,5,0.0,0.0,0.0,0.0,187080
2,68,5,9,2026,0,0,1,0,92,5,0.0,0.0,1.0,1.0,169000
2,69,5,9,2026,0,0,1,0,95,5,0.0,0.0,1.0,1.0,169000
2,60,4,6,2025,0,0,1,0,95,5,1.0,0.0,0.0,0.0,196999
2,73,2,7,1970,0,0,1,0,93,5,0.0,0.0,0.0,0.0,250000
2,63,2,5,1998,0,0,1,0,95,5,0.0,0.0,0.0,0.0,210000
2,58,4,8,2025,0,0,1,0,95,5,0.0,0.0,0.0,1.0,173000
2,60,4,4,2025,0,1,1,0,95,5,0.0,0.0,0.0,0.0,285000
3,95,16,18,2027,0,0,1,0,0,5,1.0,0.0,0.0,1.0,258957
2,47,2,6,1980,0,0,1,0,95,5,0.0,0.0,0.0,0.0,275000
3,106,2,18,2027,0,0,1,0,0,5,1.0,0.0,0.0,1.0,235000
2,78,2,6,2026,0,0,1,0,97,5,0.0,1.0,1.0,0.0,429000
2,55,2,5,1940,0,0,1,0,95,5,1.0,1.0,0.0,0.0,248640
2,63,2,7,1950,0,0,1,0,95,5,0.0,1.0,0.0,0.0,380000
2,58,6,6,2025,0,1,1,0,95,5,1.0,0.0,0.0,0.0,346000
3,120,6,8,1993,0,0,1,0,0,5,1.0,0.0,0.0,0.0,250000
3,104,2,5,2005,0,0,1,0,0,5,1.0,0.0,0.0,0.0,250000
3,84,7,8,1970,0,0,1,0,0,4,0.0,1.0,0.0,0.0,209990
2,65,5,7,2013,0,0,1,0,95,5,0.0,0.0,0.0,0.0,286000
2,70,5,6,1950,0,0,1,0,95,5,0.0,1.0,0.0,0.0,355000
2,70,7,7,1950,0,1,1,0,95,5,0.0,1.0,0.0,0.0,330000
2,125,2,14,2027,0,0,1,0,95,5,1.0,0.0,1.0,0.0,295325
2,80,3,7,1950,0,0,1,0,95,5,0.0,1.0,0.0,0.0,259900
2,70,3,6,1930,0,0,1,0,95,5,1.0,1.0,0.0,0.0,274990
2,123,6,7,2000,0,0,1,0,95,5,0.0,0.0,0.0,0.0,270000
2,75,2,5,1950,0,0,1,0,95,5,1.0,1.0,0.0,0.0,270000
3,95,11,18,2027,0,0,1,0,0,5,1.0,0.0,0.0,1.0,250328
3,102,4,14,2025,0,0,1,0,0,5,0.0,1.0,0.0,0.0,214999
3,111,5,6,2026,0,0,1,0,0,5,0.0,0.0,1.0,0.0,169000
2,88,4,6,2011,0,0,1,0,95,5,1.0,0.0,0.0,0.0,324083
2,78,2,5,1960,0,0,1,0,95,5,0.0,0.0,1.0,0.0,251000
2,71,6,7,2025,0,0,1,0,95,5,0.0,0.0,0.0,0.0,329800
2,76,9,13,1991,0,0,1,0,95,1,0.0,0.0,0.0,0.0,285000
2,65,1,6,2025,1,0,1,0,95,5,0.0,0.0,1.0,0.0,289000
2,64,5,6,1930,0,0,1,0,95,5,0.0,0.0,0.0,0.0,275000
2,75,2,6,2025,0,0,1,0,95,5,0.0,1.0,0.0,0.0,230000
2,81,5,8,2021,0,0,1,0,95,5,0.0,1.0,0.0,0.0,266500
2,105,0,0,1997,1,1,1,0,95,5,1.0,0.0,0.0,0.0,311000
2,55,4,6,1970,0,0,1,0,95,5,0.0,1.0,0.0,0.0,245000
2,76,2,7,2026,0,0,1,0,95,5,0.0,1.0,1.0,1.0,254034
2,86,5,6,2025,0,0,1,0,95,5,1.0,0.0,0.0,1.0,249000
2,75,5,6,1950,0,0,1,0,95,5,1.0,1.0,0.0,0.0,275000
2,82,2,3,1920,0,0,1,0,95,5,1.0,1.0,0.0,0.0,270000
2,45,5,5,1930,0,1,1,0,95,5,0.0,0.0,1.0,0.0,267000
2,70,2,5,2026,0,0,1,0,97,5,0.0,1.0,1.0,0.0,261479
2,65,5,6,1940,0,0,1,0,95,5,0.0,1.0,0.0,0.0,400000
3,114,0,0,1980,1,1,1,0,3,5,0.0,0.0,0.0,0.0,333000
3,124,2,6,2025,0,0,1,1,5,5,1.0,0.0,0.0,1.0,317000
3,108,2,5,2025,0,0,1,0,1,5,1.0,0.0,1.0,0.0,367200
3,120,3,4,2022,0,0,1,1,5,5,1.0,0.0,0.0,0.0,425000
3,125,2,5,2025,0,0,1,1,5,5,1.0,0.0,1.0,0.0,457000
3,137,4,6,2025,0,0,1,1,5,5,1.0,0.0,1.0,0.0,398000
3,120,5,5,2025,0,1,1,0,5,5,0.0,0.0,0.0,1.0,299990
3,84,5,8,2025,0,0,1,0,4,4,0.0,0.0,0.0,0.0,67000
3,116,1,8,2026,1,0,1,0,0,5,0.0,1.0,0.0,0.0,268819
3,113,1,3,2026,1,0,1,0,5,5,0.0,0.0,1.0,1.0,292358
3,127,5,5,2022,0,1,1,1,5,5,1.0,0.0,1.0,0.0,498000
3,148,3,9,2008,0,0,1,0,3,5,0.0,0.0,1.0,0.0,558000
3,74,1,19,1990,1,0,1,0,3,1,1.0,1.0,0.0,0.0,195000
3,173,5,6,2008,0,0,1,1,5,5,1.0,0.0,1.0,0.0,360000
3,121,3,4,2025,0,0,1,1,5,5,1.0,1.0,0.0,1.0,325809
3,100,3,3,2026,0,1,1,1,5,5,0.0,0.0,1.0,1.0,329604
3,141,1,5,2024,1,0,1,0,5,5,1.0,0.0,1.0,0.0,350000
3,120,1,3,2000,1,0,1,0,5,5,0.0,0.0,0.0,0.0,299000
3,137,3,6,2025,0,0,1,0,5,5,1.0,0.0,1.0,0.0,388000
3,78,5,5,2011,0,1,1,0,1,5,1.0,0.0,0.0,0.0,249900
3,60,6,8,2025,0,0,1,0,3,4,0.0,1.0,0.0,0.0,177000
3,70,1,6,1960,1,0,1,0,3,5,0.0,0.0,1.0,0.0,269000
3,115,3,4,2025,0,0,1,0,5,5,0.0,0.0,0.0,1.0,239950
3,135,4,5,2025,0,0,1,1,5,5,1.0,0.0,1.0,1.0,325752
3,95,1,4,2025,1,0,1,0,5,5,1.0,0.0,0.0,1.0,190000
3,106,2,4,2026,0,0,1,0,5,5,0.0,0.0,0.0,0.0,355000
3,74,0,0,2026,1,1,1,0,5,5,1.0,0.0,1.0,0.0,276140
3,99,1,1,2026,1,1,1,0,5,5,0.0,0.0,1.0,0.0,370000
3,117,3,4,2025,0,0,1,1,5,5,1.0,1.0,0.0,1.0,314901
3,135,2,7,2026,0,0,1,0,0,5,0.0,0.0,1.0,0.0,243000
3,135,3,5,2025,0,0,1,1,5,5,1.0,0.0,1.0,1.0,298606
3,113,2,12,2025,0,0,1,0,0,5,0.0,0.0,0.0,1.0,289900
3,100,4,4,2026,0,1,1,0,5,5,0.0,0.0,1.0,1.0,250000
3,90,4,8,1980,0,0,1,0,3,4,1.0,0.0,0.0,0.0,260000
3,125,2,2,1990,0,1,1,0,5,5,1.0,0.0,1.0,0.0,334000
3,153,1,4,2024,1,0,1,0,5,5,1.0,1.0,0.0,1.0,289000
3,174,1,5,2008,1,0,1,0,1,5,1.0,0.0,0.0,0.0,349900
3,121,2,4,2026,0,0,1,1,5,5,0.0,0.0,1.0,1.0,363000
3,105,4,6,2025,0,0,1,0,3,5,1.0,0.0,0.0,1.0,284000
3,113,0,0,2026,1,1,1,0,5,5,1.0,0.0,1.0,0.0,363000
3,180,4,5,2025,0,0,1,0,5,5,0.0,0.0,0.0,0.0,590000
3,120,5,5,2009,0,1,1,1,7,5,1.0,0.0,0.0,0.0,319800
3,202,3,4,2025,0,0,1,0,5,5,1.0,0.0,1.0,0.0,660000
3,97,2,4,2027,0,0,1,0,7,5,0.0,0.0,1.0,1.0,211990
3,136,1,6,2025,1,0,1,0,5,5,1.0,0.0,1.0,0.0,595000
3,116,2,8,2028,0,0,1,0,7,5,0.0,0.0,0.0,0.0,285000
3,142,2,6,2025,0,0,1,0,7,5,0.0,0.0,0.0,1.0,354300
3,105,4,6,2026,0,0,1,0,7,5,1.0,0.0,1.0,0.0,240620
3,85,3,4,2007,0,0,1,0,6,5,1.0,0.0,0.0,0.0,257000
3,113,5,6,2026,0,0,1,0,7,5,1.0,0.0,1.0,1.0,295000
3,85,4,8,1980,0,0,1,0,6,4,0.0,0.0,0.0,0.0,238000
3,175,2,5,2013,0,0,1,0,5,5,1.0,0.0,1.0,0.0,499000
3,79,1,8,2025,1,0,1,0,6,4,1.0,0.0,0.0,0.0,173000
3,120,4,5,2003,0,0,1,0,7,5,0.0,0.0,0.0,1.0,350000
3,116,4,6,2026,0,0,1,0,7,5,1.0,0.0,1.0,1.0,302224
3,108,4,5,2025,0,0,1,0,7,5,0.0,0.0,0.0,1.0,259000
3,130,4,4,2028,0,1,1,0,7,5,0.0,0.0,0.0,0.0,360951
3,132,2,3,2028,0,0,1,0,98,5,1.0,0.0,1.0,0.0,382800
3,132,5,6,2026,0,0,1,0,7,5,1.0,0.0,1.0,1.0,345000
3,117,4,6,2026,0,0,1,0,7,5,1.0,0.0,1.0,1.0,304900
3,150,3,6,2025,0,0,1,0,7,5,0.0,0.0,0.0,1.0,387542
3,235,1,4,2025,1,0,1,0,7,5,0.0,0.0,0.0,1.0,383101
3,129,5,6,2027,0,0,1,0,7,5,1.0,1.0,1.0,1.0,285978
3,180,6,8,2013,0,0,1,0,5,5,1.0,0.0,0.0,0.0,594000
3,126,2,5,2025,0,0,1,0,7,5,0.0,0.0,1.0,0.0,278000
3,124,5,6,2024,0,0,1,0,7,5,0.0,0.0,1.0,0.0,379000
3,92,3,8,2025,0,0,1,0,6,4,1.0,0.0,0.0,0.0,203000
3,176,2,2,2025,0,1,1,1,98,5,1.0,0.0,1.0,1.0,474000
3,142,4,4,2026,0,1,1,1,7,5,1.0,0.0,1.0,0.0,319000
3,107,3,4,2026,0,0,1,1,7,5,1.0,0.0,0.0,0.0,275000
3,88,0,0,1980,1,1,1,0,6,4,0.0,0.0,0.0,0.0,215000
3,100,5,6,2012,0,0,1,0,7,5,1.0,0.0,0.0,1.0,249990
3,113,4,4,2008,0,1,1,0,6,5,1.0,0.0,0.0,0.0,329000
3,110,2,6,2023,0,0,1,0,7,5,1.0,1.0,1.0,0.0,236522
3,126,5,5,2026,0,1,1,0,7,5,0.0,0.0,0.0,1.0,250000
3,144,2,6,2025,0,0,1,0,7,5,0.0,0.0,0.0,1.0,360000
3,105,6,9,2026,0,0,1,0,7,5,1.0,0.0,0.0,1.0,246500
3,124,4,4,2026,0,1,1,0,7,5,0.0,0.0,0.0,0.0,285833
3,120,8,9,2025,0,0,1,0,7,5,0.0,0.0,0.0,0.0,249990
3,111,2,5,2026,0,0,1,0,7,5,1.0,1.0,1.0,1.0,235000
3,89,8,12,2025,0,0,1,0,12,5,0.0,0.0,1.0,0.0,399990
3,108,3,4,2026,0,0,1,0,13,5,1.0,0.0,0.0,1.0,230523
3,90,3,8,1990,0,0,1,0,12,4,1.0,0.0,0.0,0.0,255000
3,108,7,18,2027,0,0,1,0,7,5,0.0,0.0,0.0,0.0,342000
3,106,7,7,1970,0,1,1,0,12,5,0.0,0.0,0.0,0.0,330000
3,121,4,9,2026,0,0,1,0,11,5,0.0,0.0,0.0,1.0,248194
3,147,1,9,2026,1,0,1,0,12,5,0.0,0.0,0.0,0.0,324650
3,108,14,18,2028,0,0,1,0,7,5,0.0,0.0,0.0,0.0,346000
3,80,4,9,1980,0,0,1,0,10,4,1.0,1.0,0.0,0.0,187000
3,70,4,4,2005,0,1,1,0,12,5,0.0,1.0,0.0,1.0,208000
3,122,2,6,2023,0,0,1,1,13,5,0.0,0.0,1.0,0.0,367260
3,157,4,4,2026,0,1,1,0,13,5,1.0,0.0,0.0,1.0,282330
3,143,8,8,2019,0,1,1,0,7,5,1.0,0.0,0.0,1.0,500000
3,91,2,4,2026,0,0,1,0,13,5,1.0,0.0,1.0,1.0,191400
3,100,3,8,1980,0,0,1,0,12,5,0.0,0.0,0.0,0.0,319999
3,109,4,18,2027,0,0,1,0,7,5,0.0,0.0,0.0,0.0,331000
3,112,2,4,2026,0,0,1,1,9,5,1.0,0.0,1.0,0.0,192000
3,107,3,4,2026,0,0,1,0,13,5,1.0,0.0,1.0,1.0,230523
3,108,3,18,2027,0,0,1,0,7,5,0.0,0.0,0.0,0.0,323000
3,85,2,7,2027,0,0,1,0,13,5,1.0,0.0,1.0,0.0,180073
3,123,3,9,2012,0,0,1,0,7,5,1.0,0.0,0.0,0.0,439000
3,137,2,8,2025,0,0,1,1,7,5,1.0,0.0,0.0,0.0,477000
3,110,2,6,2017,0,0,1,0,7,5,1.0,0.0,0.0,0.0,389000
3,89,12,12,1991,0,1,1,0,12,1,0.0,1.0,0.0,0.0,255000
3,98,4,5,2025,0,0,1,0,14,5,1.0,0.0,1.0,1.0,182514
3,201,4,4,2027,0,1,1,0,13,5,0.0,0.0,1.0,0.0,298098
3,122,2,4,2025,0,0,1,0,13,5,0.0,0.0,0.0,1.0,367260
3,80,2,6,2025,0,0,1,0,12,5,1.0,0.0,0.0,0.0,225000
3,85,3,5,2025,0,0,1,0,12,5,1.0,0.0,0.0,0.0,310000
3,67,3,6,1980,0,0,1,0,12,5,0.0,0.0,0.0,0.0,246000
3,102,3,4,2027,0,0,1,1,14,5,0.0,0.0,0.0,0.0,187565
3,75,5,6,1993,0,0,1,0,12,5,1.0,0.0,0.0,0.0,288000
3,135,7,9,2026,0,0,1,0,12,5,0.0,0.0,0.0,1.0,516700
3,107,2,4,2026,0,0,1,0,13,5,1.0,0.0,1.0,1.0,224000
3,107,4,9,2026,0,0,1,0,11,5,0.0,0.0,0.0,1.0,220047
3,125,2,3,2027,0,0,1,0,13,5,0.0,0.0,1.0,0.0,273614
3,138,3,7,2027,0,0,1,0,13,5,1.0,0.0,1.0,0.0,304431
3,108,12,18,2027,0,0,1,0,7,5,0.0,0.0,0.0,0.0,347000
3,96,2,4,2026,0,0,1,0,13,5,1.0,0.0,1.0,1.0,200400
3,126,4,4,2027,0,1,1,1,14,5,0.0,0.0,0.0,0.0,193491
3,104,2,5,2007,0,0,1,0,19,5,1.0,0.0,0.0,0.0,369000
3,78,3,5,2025,0,0,1,0,15,5,0.0,0.0,1.0,0.0,278000
3,154,2,4,2024,0,0,1,0,19,5,1.0,0.0,1.0,1.0,385000
3,111,6,7,2026,0,0,1,0,18,5,0.0,0.0,1.0,0.0,555000
3,122,4,7,2023,0,0,1,0,17,5,0.0,1.0,1.0,1.0,525000
3,108,4,18,2025,0,0,1,0,17,5,1.0,0.0,0.0,0.0,331000
3,105,7,13,2025,0,0,1,0,18,5,0.0,1.0,0.0,0.0,439000
3,84,2,7,1970,0,0,1,0,18,5,,,,,440000
3,220,4,4,2025,0,1,1,1,19,5,1.0,0.0,1.0,0.0,400000
3,160,2,4,2026,0,0,1,0,19,5,0.0,0.0,0.0,0.0,384480
3,80,7,8,1970,0,0,1,0,15,1,1.0,0.0,0.0,0.0,310000
3,77,8,8,2025,0,1,1,0,17,4,1.0,1.0,0.0,0.0,208000
3,136,5,6,2024,0,0,1,0,17,5,1.0,1.0,1.0,0.0,354900
3,99,6,7,1980,0,0,1,0,17,4,0.0,1.0,0.0,0.0,235900
3,74,7,10,2025,0,0,1,0,17,1,0.0,1.0,0.0,0.0,279000
3,80,1,5,2025,1,0,1,1,19,5,0.0,0.0,1.0,0.0,237990
3,102,2,6,2026,0,0,1,0,19,5,0.0,0.0,0.0,1.0,305000
3,86,1,6,1940,1,0,1,0,18,5,0.0,1.0,0.0,0.0,415000
3,155,3,3,2025,0,1,1,0,19,5,0.0,0.0,1.0,1.0,467280
3,104,5,5,1970,0,1,1,0,17,5,1.0,0.0,0.0,0.0,319000
3,107,4,18,2025,0,0,1,0,17,5,1.0,0.0,0.0,0.0,328000
3,107,3,16,1970,0,0,1,0,17,1,0.0,1.0,0.0,0.0,298000
3,111,4,6,2027,0,0,1,1,18,5,0.0,0.0,1.0,0.0,433997
3,156,3,3,2025,0,1,1,0,19,5,0.0,0.0,0.0,0.0,467280
3,117,7,8,2025,0,0,1,0,17,5,1.0,0.0,0.0,0.0,375000
3,75,13,17,1970,0,0,1,0,15,5,0.0,1.0,1.0,0.0,298000
3,132,4,4,2026,0,1,1,0,100,5,0.0,0.0,1.0,1.0,245000
3,130,1,4,2025,1,0,1,1,19,5,0.0,0.0,1.0,1.0,325000
3,115,2,4,2012,0,0,1,0,100,5,1.0,0.0,0.0,1.0,219990
3,110,2,7,2026,0,0,1,0,17,5,0.0,1.0,1.0,1.0,308210
3,85,8,8,2025,0,1,1,0,17,4,0.0,0.0,1.0,0.0,296000
3,100,2,4,1998,0,0,1,0,17,5,0.0,0.0,0.0,0.0,330000
3,76,0,0,1970,1,1,1,0,15,4,1.0,1.0,0.0,0.0,245000
3,213,6,6,2004,0,1,1,0,17,5,1.0,0.0,0.0,1.0,448000
3,105,3,6,2025,0,0,1,0,14,5,1.0,0.0,1.0,1.0,215852
3,143,3,3,2025,0,1,1,0,19,5,1.0,0.0,0.0,0.0,340000
3,114,3,5,2026,0,0,1,0,19,5,0.0,0.0,1.0,1.0,249590
3,65,2,3,1980,0,0,1,0,19,5,0.0,0.0,0.0,0.0,204990
3,122,4,7,2024,0,0,1,0,17,5,0.0,0.0,1.0,1.0,525000
3,90,1,16,1980,1,0,1,0,17,1,0.0,1.0,0.0,0.0,268000
3,90,4,8,1980,0,0,1,0,21,4,0.0,0.0,0.0,0.0,220000
3,114,2,7,2026,0,0,1,0,20,5,1.0,1.0,0.0,0.0,206136
3,121,1,7,2025,1,0,1,0,21,5,1.0,1.0,0.0,1.0,293000
3,97,5,5,2025,0,1,1,0,26,5,1.0,0.0,0.0,0.0,250000
3,98,5,6,2027,0,0,1,0,26,5,0.0,0.0,0.0,1.0,196750
3,119,2,8,2026,0,0,1,0,27,5,0.0,0.0,1.0,0.0,321160
3,113,4,8,2025,0,0,1,0,21,5,1.0,0.0,0.0,0.0,225327
3,112,2,7,2027,0,0,1,0,20,5,0.0,1.0,0.0,0.0,234850
3,88,1,6,1970,1,0,1,0,20,4,1.0,0.0,0.0,0.0,169999
3,113,4,6,2026,0,0,1,0,20,5,1.0,1.0,1.0,0.0,229990
3,103,7,7,2025,0,1,1,0,21,5,1.0,1.0,0.0,1.0,285000
3,105,2,6,2026,0,0,1,0,22,5,0.0,0.0,0.0,0.0,235575
3,60,3,8,1980,0,0,1,0,20,4,1.0,0.0,0.0,0.0,196500
3,66,7,7,1990,0,1,1,0,21,4,0.0,0.0,0.0,0.0,145999
3,110,4,9,2025,0,0,1,0,25,1,0.0,1.0,0.0,0.0,293000
3,112,4,5,2025,0,0,1,0,20,5,1.0,1.0,1.0,0.0,347000
3,119,3,7,2018,0,0,1,0,20,5,0.0,0.0,0.0,0.0,299999
3,137,4,7,2025,0,0,1,0,25,5,0.0,0.0,0.0,0.0,315100
3,118,5,6,2027,0,0,1,0,27,5,1.0,1.0,0.0,0.0,307346
3,91,4,12,1980,0,0,1,0,20,1,1.0,1.0,0.0,0.0,220000
3,118,4,8,2025,0,0,1,0,21,5,1.0,0.0,0.0,0.0,235894
3,108,2,6,2026,0,0,1,0,22,5,0.0,0.0,0.0,0.0,244103
3,162,7,7,2025,0,1,1,0,21,5,1.0,1.0,0.0,1.0,320360
3,85,7,8,2025,0,0,1,0,27,4,1.0,1.0,0.0,0.0,283999
3,76,5,7,2025,0,0,1,0,20,5,1.0,0.0,0.0,0.0,212000
3,99,4,6,2027,0,0,1,0,21,5,1.0,1.0,0.0,0.0,197680
3,76,9,13,1991,0,0,1,0,25,1,0.0,0.0,0.0,0.0,285000
3,112,5,7,2027,0,0,1,0,20,5,1.0,1.0,0.0,0.0,230000
3,60,0,0,2025,1,1,1,1,21,5,0.0,0.0,0.0,0.0,195000
3,95,10,11,1980,0,0,1,0,23,5,0.0,0.0,0.0,0.0,190000
3,82,0,0,2023,1,1,1,0,21,5,0.0,0.0,0.0,0.0,269000
3,112,3,6,2025,0,0,1,0,22,5,0.0,1.0,1.0,1.0,319000
3,136,11,12,2025,0,0,1,0,20,1,0.0,1.0,0.0,0.0,340000
3,75,2,8,1970,0,0,1,0,20,4,1.0,1.0,0.0,0.0,193000
3,66,8,8,1970,0,1,1,0,20,4,1.0,0.0,0.0,0.0,169990
3,60,8,9,2025,0,0,1,0,21,4,1.0,0.0,0.0,0.0,155000
3,86,7,7,1980,0,1,1,0,22,4,0.0,0.0,1.0,0.0,298000
3,90,3,10,2007,0,0,1,0,21,5,0.0,1.0,1.0,0.0,280000
3,128,2,7,2026,0,0,1,0,22,5,1.0,1.0,1.0,1.0,350983
3,103,2,6,2009,0,0,1,0,22,5,1.0,0.0,0.0,1.0,329900
3,95,2,6,2026,0,0,1,0,33,5,0.0,0.0,0.0,0.0,209000
3,81,3,5,1999,0,0,1,0,33,5,0.0,0.0,0.0,0.0,248000
3,120,3,12,2025,0,0,1,0,28,1,1.0,0.0,0.0,0.0,370000
3,99,6,7,2025,0,0,1,0,38,5,1.0,0.0,0.0,0.0,253000
3,90,4,4,2025,0,1,1,0,31,5,1.0,1.0,0.0,0.0,370000
3,139,14,16,2025,0,0,1,1,38,5,1.0,0.0,1.0,1.0,350000
3,95,1,8,1980,1,0,1,0,32,4,1.0,0.0,0.0,0.0,275000
3,108,2,5,1960,0,0,1,0,38,5,0.0,1.0,1.0,0.0,288000
3,121,5,17,2026,0,0,1,0,30,5,0.0,0.0,0.0,1.0,484000
3,107,10,11,2026,0,0,1,0,38,5,1.0,1.0,0.0,1.0,279999
3,100,17,18,1980,0,0,1,0,35,1,0.0,0.0,0.0,0.0,149500
3,90,2,4,1960,0,0,1,0,27,5,0.0,1.0,0.0,0.0,349999
3,76,1,4,1960,1,0,1,0,31,5,0.0,1.0,0.0,0.0,295000
3,129,2,5,2024,0,0,1,1,38,5,1.0,0.0,0.0,1.0,318000
3,92,3,8,2025,0,0,1,0,38,5,1.0,0.0,1.0,0.0,230000
3,90,1,17,1980,1,0,1,0,30,1,0.0,1.0,0.0,0.0,268000
3,91,7,14,2025,0,0,1,0,35,1,0.0,1.0,0.0,0.0,170000
3,89,4,11,1970,0,0,1,0,38,5,1.0,0.0,0.0,0.0,279900
3,90,1,16,1980,1,0,1,0,30,1,0.0,1.0,0.0,0.0,268000
3,85,7,8,2025,0,0,1,0,28,4,1.0,1.0,0.0,0.0,283999
3,96,5,18,1980,0,0,1,0,35,1,1.0,1.0,0.0,0.0,225000
3,71,11,15,1980,0,0,1,0,36,1,0.0,1.0,0.0,0.0,245800
3,102,2,5,2022,0,0,1,0,31,5,0.0,0.0,1.0,1.0,470000
3,96,5,6,1970,0,0,1,0,31,5,1.0,0.0,0.0,0.0,399990
3,88,7,8,2026,0,0,1,0,36,5,1.0,1.0,0.0,0.0,169500
3,88,9,9,1970,0,1,1,0,32,4,0.0,0.0,0.0,0.0,214990
3,105,5,6,2008,0,0,1,0,31,5,0.0,0.0,0.0,0.0,350000
3,100,3,6,1970,0,0,1,0,29,5,0.0,0.0,0.0,0.0,348000
3,154,6,10,2024,0,0,1,0,28,5,1.0,1.0,1.0,1.0,493000
3,100,5,5,2025,0,1,1,0,34,5,0.0,0.0,0.0,1.0,225000
3,90,1,17,2025,1,0,1,0,30,1,0.0,1.0,0.0,0.0,267990
3,85,4,8,2026,0,0,1,0,36,5,0.0,0.0,0.0,0.0,183761
3,98,12,13,1980,0,0,1,0,37,1,0.0,0.0,0.0,0.0,182000
3,91,5,6,1997,0,0,1,0,31,5,0.0,1.0,0.0,0.0,339000
3,105,2,6,2026,0,0,1,0,34,5,0.0,0.0,0.0,0.0,210200
3,85,4,8,2026,0,0,1,0,36,5,0.0,0.0,0.0,1.0,183761
3,130,4,6,2025,0,0,1,0,38,5,0.0,1.0,0.0,0.0,338000
3,122,2,8,2026,0,0,1,1,38,5,0.0,1.0,0.0,0.0,289360
3,98,18,18,1980,0,1,1,0,35,1,0.0,0.0,0.0,0.0,153000
3,118,2,4,2010,0,0,1,0,33,5,0.0,0.0,0.0,0.0,313000
